Location ,Time,NYT_infections_lo,NYT_infections_med ,NYT_infections_hi ,ML_infections_lo,ML_infections_med,ML_infections_hi,prevalence_lo,prevalence_med,prevalence_hi
ATX,Fall,36.02648526,60.0441421,120.0882842,39.62054656,45.69052461,53.46442938,0.004234322,0.004883031,0.005713843
others,Fall,76.39161707,127.2731855,254.6026028,145.6799045,165.6859803,197.0587418,0.007057109,0.008026255,0.009546032
total,Fall,112.4181023,187.3173276,374.6908869,185.300451,211.3765049,250.5231711,0.006176682,0.007045883,0.008350772
ATX,Spring,49.18111015,81.96851692,163.9370338,102.7357758,161.37877,276.4736902,0.010979564,0.017246849,0.029547258
others,Spring,184.4713139,307.4843902,614.965847,292.0762973,441.7671408,701.3455236,0.014148927,0.021400336,0.033974981
total,Spring,233.6524241,389.4529071,778.9028808,394.8120731,603.1459108,977.8192138,0.013160402,0.020104864,0.032593974